<?xml version="1.0" encoding="UTF-8" standalone="yes"?>
<addon id="script.service.sponsorblock" version="0.2.0" name="SponsorBlock" provider-name="siku2">
    <requires>
        <import addon="xbmc.python" version="2.23.0"/>
        <import addon="script.module.requests" version="2.15.1"/>
        <import addon="script.module.six" version="1.13.0"/>
        <import addon="plugin.video.youtube" version="6.7.0"/>
    </requires>

    <extension point="xbmc.service" library="service.py"/>

    <extension point="kodi.context.item">
        <menu id="kodi.core.main">
            <item library="context.py">
                <label>32027</label>
                <visible>String.IsEqual(ListItem.Property(Addon.ID),plugin.video.youtube)</visible>
            </item>
        </menu>
    </extension>

    <extension point="xbmc.addon.metadata">
        <summary lang="en_GB">Skip YouTube in-video sponsors</summary>
        <description lang="en_GB">
SponsorBlock browser extension ported to Kodi's YouTube plugin.

SponsorBlock is a crowdsourced project to skip sponsor segments in YouTube videos.
Users submit when a sponsor happens and the add-on automatically skips sponsors it knows about.
        </description>
        <disclaimer lang="en_GB">This is an unoffical port of the SponsorBlock browser extension</disclaimer>
        <news>
[0.2.0]
- Support for SponsorBlock categories
- Option to disable SponsorBlock for unlisted videos.
- Added context menu entry to the YouTube plugin for SponsorBlock
- Preload skip segments to catch sponsors at the start of a video
- Fixed the bug which causes a video to keep playing even after the video ended
        </news>
        <platform>all</platform>
        <license>MIT</license>
        <source>https://github.com/siku2/script.service.sponsorblock</source>
        <assets>
            <icon>resources/images/icon.png</icon>
            <fanart>resources/images/fanart.jpg</fanart>
        </assets>
    </extension>
</addon>