<?xml version="1.0" encoding="UTF-8" standalone="yes"?>
<addon id="repository.siku2" name="siku2's Repository" version="1.0.0" provider-name="siku2">
    <extension point="xbmc.addon.repository">
        <info>https://siku2.io/kodi-repository/addons/addons.xml</info>
        <checksum>https://siku2.io/kodi-repository/addons/addons.xml.md5</checksum>
        <datadir>https://siku2.io/kodi-repository/addons</datadir>
    </extension>

    <extension point="xbmc.addon.metadata">
        <summary lang="en_GB">siku2's Kodi add-on repository</summary>
        <description lang="en_GB">Contains all add-ons created by siku2.</description>
        <platform>all</platform>
        <license>MIT</license>
        <website>https://siku2.io/kodi-repository</website>
    </extension>
</addon>
